,Max Sharpe,Min Volatility,Max Return
S&P 500,0.2590692096690769,0.020867382086697073,0.2590692096690769
NASDAQ 100,0.3418951931937892,0.05076710536517516,0.3418951931937892
Small Cap,0.002317867353938371,0.04964596319782159,0.002317867353938371
Int'l Developed,0.012770673290490555,0.005355476649742557,0.012770673290490555
Emerging Markets,0.043931320409375134,0.06658359512608594,0.043931320409375134
REITs,0.0055852697888067624,0.11091853258089915,0.0055852697888067624
Gold,0.2817029425830365,0.2584910083330717,0.2817029425830365
Bonds,0.05272752371148647,0.43737093666050686,0.05272752371148647
